qty_dot_url,qty_hyphen_url,qty_underline_url,qty_slash_url,qty_questionmark_url,qty_equal_url,qty_at_url,qty_and_url,qty_exclamation_url,qty_space_url,qty_tilde_url,qty_comma_url,qty_plus_url,qty_asterisk_url,qty_hashtag_url,qty_dollar_url,qty_percent_url,qty_tld_url,length_url,qty_dot_domain,qty_hyphen_domain,qty_underline_domain,qty_slash_domain,qty_questionmark_domain,qty_equal_domain,qty_at_domain,qty_and_domain,qty_exclamation_domain,qty_space_domain,qty_tilde_domain,qty_comma_domain,qty_plus_domain,qty_asterisk_domain,qty_hashtag_domain,qty_dollar_domain,qty_percent_domain,qty_vowels_domain,domain_length,domain_in_ip,server_client_domain,qty_dot_directory,qty_hyphen_directory,qty_underline_directory,qty_slash_directory,qty_questionmark_directory,qty_equal_directory,qty_at_directory,qty_and_directory,qty_exclamation_directory,qty_space_directory,qty_tilde_directory,qty_comma_directory,qty_plus_directory,qty_asterisk_directory,qty_hashtag_directory,qty_dollar_directory,qty_percent_directory,directory_length,qty_dot_file,qty_hyphen_file,qty_underline_file,qty_slash_file,qty_questionmark_file,qty_equal_file,qty_at_file,qty_and_file,qty_exclamation_file,qty_space_file,qty_tilde_file,qty_comma_file,qty_plus_file,qty_asterisk_file,qty_hashtag_file,qty_dollar_file,qty_percent_file,file_length,qty_dot_params,qty_hyphen_params,qty_underline_params,qty_slash_params,qty_questionmark_params,qty_equal_params,qty_at_params,qty_and_params,qty_exclamation_params,qty_space_params,qty_tilde_params,qty_comma_params,qty_plus_params,qty_asterisk_params,qty_hashtag_params,qty_dollar_params,qty_percent_params,params_length,tld_present_params,qty_params,email_in_url,time_response,domain_spf,asn_ip,time_domain_activation,time_domain_expiration,qty_ip_resolved,qty_nameservers,qty_mx_servers,ttl_hostname,tls_ssl_certification,qty_redirects,url_google_index,domain_google_index,url_shortened,phishing
2,3,0,3,0,0,0,0,0,0,0,0,0,0,0,0,0,1,43,1,0,0,0,0,0,0,0,0,0,0,0,0,0,0,0,0,3,11,0,0,1,3,0,3,0,0,0,0,0,0,0,0,0,0,0,0,0,32,1,3,0,0,0,0,0,0,0,0,0,0,0,0,0,0,0,24,-1,-1,-1,-1,-1,-1,-1,-1,-1,-1,-1,-1,-1,-1,-1,-1,-1,-1,-1,-1,0,0.594967,0,13335,-1,-1,2,2,4,296,1,2,0,0,0,
2,0,0,3,0,0,0,0,0,0,1,0,0,0,0,0,0,1,33,1,0,0,0,0,0,0,0,0,0,0,0,0,0,0,0,0,3,8,0,0,1,0,0,3,0,0,0,0,0,0,1,0,0,0,0,0,0,25,1,0,0,0,0,0,0,0,0,0,0,0,0,0,0,0,0,11,-1,-1,-1,-1,-1,-1,-1,-1,-1,-1,-1,-1,-1,-1,-1,-1,-1,-1,-1,-1,0,1.310977,-1,46832,-1,-1,1,5,1,3595,1,3,0,0,0,
2,0,2,2,0,0,0,0,0,0,0,0,0,0,0,0,0,1,46,2,0,0,0,0,0,0,0,0,0,0,0,0,0,0,0,0,3,10,0,0,0,0,2,2,0,0,0,0,0,0,0,0,0,0,0,0,0,36,0,0,2,0,0,0,0,0,0,0,0,0,0,0,0,0,0,30,-1,-1,-1,-1,-1,-1,-1,-1,-1,-1,-1,-1,-1,-1,-1,-1,-1,-1,-1,-1,0,1.105297,0,54113,-1,-1,1,4,2,14,1,1,0,0,0,
1,2,0,1,0,0,0,0,0,0,0,0,0,0,0,0,0,1,35,1,0,0,0,0,0,0,0,0,0,0,0,0,0,0,0,0,7,16,0,0,0,2,0,1,0,0,0,0,0,0,0,0,0,0,0,0,0,19,0,2,0,0,0,0,0,0,0,0,0,0,0,0,0,0,0,18,-1,-1,-1,-1,-1,-1,-1,-1,-1,-1,-1,-1,-1,-1,-1,-1,-1,-1,-1,-1,0,0.526517,1,15169,-1,-1,1,4,1,863997,1,1,0,0,0,
2,0,0,2,0,0,0,0,0,0,0,0,0,0,0,0,0,1,15,2,0,0,0,0,0,0,0,0,0,0,0,0,0,0,0,0,1,11,0,0,0,0,0,2,0,0,0,0,0,0,0,0,0,0,0,0,0,4,0,0,0,0,0,0,0,0,0,0,0,0,0,0,0,0,0,0,-1,-1,-1,-1,-1,-1,-1,-1,-1,-1,-1,-1,-1,-1,-1,-1,-1,-1,-1,-1,0,-1,1,376,-1,-1,1,4,2,273,0,-1,0,0,0,
1,6,0,2,0,0,0,0,0,0,0,0,0,0,0,0,0,1,60,1,0,0,0,0,0,0,0,0,0,0,0,0,0,0,0,0,4,10,0,0,0,6,0,2,0,0,0,0,0,0,0,0,0,0,0,0,0,50,0,6,0,0,0,0,0,0,0,0,0,0,0,0,0,0,0,40,-1,-1,-1,-1,-1,-1,-1,-1,-1,-1,-1,-1,-1,-1,-1,-1,-1,-1,-1,-1,0,1.85617,1,16509,-1,-1,4,4,2,50,1,2,0,0,0,
1,4,0,3,0,0,0,0,0,0,0,0,0,0,0,0,0,1,56,1,0,0,0,0,0,0,0,0,0,0,0,0,0,0,0,0,8,22,0,0,0,4,0,3,0,0,0,0,0,0,0,0,0,0,0,0,0,34,0,0,0,0,0,0,0,0,0,0,0,0,0,0,0,0,0,0,-1,-1,-1,-1,-1,-1,-1,-1,-1,-1,-1,-1,-1,-1,-1,-1,-1,-1,-1,-1,0,-1,0,24940,-1,-1,1,5,1,631,0,-1,0,0,0,
1,0,0,2,0,0,0,0,0,0,0,0,0,0,0,0,0,1,26,1,0,0,0,0,0,0,0,0,0,0,0,0,0,0,0,0,4,12,0,0,0,0,0,2,0,0,0,0,0,0,0,0,0,0,0,0,0,14,0,0,0,0,0,0,0,0,0,0,0,0,0,0,0,0,0,10,-1,-1,-1,-1,-1,-1,-1,-1,-1,-1,-1,-1,-1,-1,-1,-1,-1,-1,-1,-1,0,0.45623,-1,8068,-1,-1,1,8,4,136,1,1,0,0,0,
2,0,0,3,0,0,0,0,0,0,0,0,0,0,0,0,0,1,45,1,0,0,0,0,0,0,0,0,0,0,0,0,0,0,0,0,3,6,0,0,1,0,0,3,0,0,0,0,0,0,0,0,0,0,0,0,0,39,1,0,0,0,0,0,0,0,0,0,0,0,0,0,0,0,0,15,-1,-1,-1,-1,-1,-1,-1,-1,-1,-1,-1,-1,-1,-1,-1,-1,-1,-1,-1,-1,0,2.041966,1,20126,-1,-1,1,2,1,28790,1,2,0,0,0,
1,13,0,3,0,0,0,0,0,0,0,0,0,0,0,0,0,1,93,1,0,0,0,0,0,0,0,0,0,0,0,0,0,0,0,0,5,15,0,0,0,13,0,3,0,0,0,0,0,0,0,0,0,0,0,0,0,78,0,0,0,0,0,0,0,0,0,0,0,0,0,0,0,0,0,0,-1,-1,-1,-1,-1,-1,-1,-1,-1,-1,-1,-1,-1,-1,-1,-1,-1,-1,-1,-1,0,-1,0,14618,-1,-1,2,2,5,3593,0,-1,0,0,0,
2,9,0,1,0,5,0,0,0,0,0,0,0,0,0,0,0,1,119,1,0,0,0,0,0,0,0,0,0,0,0,0,0,0,0,0,3,12,0,0,1,0,0,1,0,0,0,0,0,0,0,0,0,0,0,0,0,13,1,0,0,0,0,0,0,0,0,0,0,0,0,0,0,0,0,12,0,9,0,0,0,5,0,0,0,0,0,0,0,0,0,0,0,94,0,1,0,1.512902,0,26496,-1,-1,1,2,4,594,0,1,0,0,0,
2,0,0,2,0,0,0,0,0,0,0,0,0,0,0,0,0,1,33,2,0,0,0,0,0,0,0,0,0,0,0,0,0,0,0,0,8,25,0,0,0,0,0,2,0,0,0,0,0,0,0,0,0,0,0,0,0,8,0,0,0,0,0,0,0,0,0,0,0,0,0,0,0,0,0,0,-1,-1,-1,-1,-1,-1,-1,-1,-1,-1,-1,-1,-1,-1,-1,-1,-1,-1,-1,-1,0,1.129768,0,2152,-1,-1,1,3,2,3597,0,0,0,0,0,
1,0,0,3,0,0,0,0,0,0,0,0,0,0,0,0,0,1,27,1,0,0,0,0,0,0,0,0,0,0,0,0,0,0,0,0,2,8,0,0,0,0,0,3,0,0,0,0,0,0,0,0,0,0,0,0,0,19,0,0,0,0,0,0,0,0,0,0,0,0,0,0,0,0,0,3,-1,-1,-1,-1,-1,-1,-1,-1,-1,-1,-1,-1,-1,-1,-1,-1,-1,-1,-1,-1,0,1.032238,1,16509,-1,-1,3,10,1,895,1,2,0,0,0,
2,0,0,1,0,0,0,0,0,0,0,0,0,0,0,0,0,1,19,2,0,0,0,0,0,0,0,0,0,0,0,0,0,0,0,0,5,18,0,0,0,0,0,1,0,0,0,0,0,0,0,0,0,0,0,0,0,1,0,0,0,0,0,0,0,0,0,0,0,0,0,0,0,0,0,0,-1,-1,-1,-1,-1,-1,-1,-1,-1,-1,-1,-1,-1,-1,-1,-1,-1,-1,-1,-1,0,-1,0,-1,-1,-1,-1,2,2,-1,0,-1,0,0,0,
1,1,0,3,0,0,0,0,0,0,0,0,0,0,0,0,0,1,36,1,0,0,0,0,0,0,0,0,0,0,0,0,0,0,0,0,4,12,0,0,0,1,0,3,0,0,0,0,0,0,0,0,0,0,0,0,0,24,0,0,0,0,0,0,0,0,0,0,0,0,0,0,0,0,0,0,-1,-1,-1,-1,-1,-1,-1,-1,-1,-1,-1,-1,-1,-1,-1,-1,-1,-1,-1,-1,0,0.936753,1,16509,-1,-1,3,4,5,51,0,1,0,0,0,
1,0,0,2,0,0,0,0,0,0,0,0,0,0,0,0,0,1,25,1,0,0,0,0,0,0,0,0,0,0,0,0,0,0,0,0,4,11,0,0,0,0,0,2,0,0,0,0,0,0,0,0,0,0,0,0,0,14,0,0,0,0,0,0,0,0,0,0,0,0,0,0,0,0,0,8,-1,-1,-1,-1,-1,-1,-1,-1,-1,-1,-1,-1,-1,-1,-1,-1,-1,-1,-1,-1,0,1.44575,0,3265,-1,-1,1,2,1,3160,1,1,0,0,0,
3,0,0,2,0,0,0,0,0,0,0,0,0,0,0,0,0,1,37,2,0,0,0,0,0,0,0,0,0,0,0,0,0,0,0,0,6,18,0,0,1,0,0,2,0,0,0,0,0,0,0,0,0,0,0,0,0,19,1,0,0,0,0,0,0,0,0,0,0,0,0,0,0,0,0,9,-1,-1,-1,-1,-1,-1,-1,-1,-1,-1,-1,-1,-1,-1,-1,-1,-1,-1,-1,-1,0,1.571232,0,6354,-1,-1,1,4,4,1163,1,1,0,0,0,
1,2,0,3,0,0,0,0,0,0,0,0,0,0,0,0,0,1,47,1,1,0,0,0,0,0,0,0,0,0,0,0,0,0,0,0,6,18,0,0,0,1,0,3,0,0,0,0,0,0,0,0,0,0,0,0,0,29,0,0,0,0,0,0,0,0,0,0,0,0,0,0,0,0,0,0,-1,-1,-1,-1,-1,-1,-1,-1,-1,-1,-1,-1,-1,-1,-1,-1,-1,-1,-1,-1,0,1.284115,1,8622,-1,-1,1,3,2,86395,0,0,0,0,0,
2,0,1,2,0,0,0,0,0,0,0,0,0,0,0,0,0,1,35,2,0,0,0,0,0,0,0,0,0,0,0,0,0,0,0,0,7,16,0,0,0,0,1,2,0,0,0,0,0,0,0,0,0,0,0,0,0,19,0,0,1,0,0,0,0,0,0,0,0,0,0,0,0,0,0,13,-1,-1,-1,-1,-1,-1,-1,-1,-1,-1,-1,-1,-1,-1,-1,-1,-1,-1,-1,-1,0,0.042966,0,-1,-1,-1,1,3,2,313,1,1,0,0,0,
2,0,2,1,0,0,0,0,0,0,0,0,0,0,0,0,0,1,41,1,0,0,0,0,0,0,0,0,0,0,0,0,0,0,0,0,7,19,0,0,1,0,2,1,0,0,0,0,0,0,0,0,0,0,0,0,0,22,1,0,2,0,0,0,0,0,0,0,0,0,0,0,0,0,0,21,-1,-1,-1,-1,-1,-1,-1,-1,-1,-1,-1,-1,-1,-1,-1,-1,-1,-1,-1,-1,0,4.103669,-1,32244,-1,-1,1,2,1,14393,1,0,0,0,0,
1,0,0,1,0,0,0,0,0,0,0,0,0,0,0,0,0,1,18,1,0,0,0,0,0,0,0,0,0,0,0,0,0,0,0,0,5,17,0,0,0,0,0,1,0,0,0,0,0,0,0,0,0,0,0,0,0,1,0,0,0,0,0,0,0,0,0,0,0,0,0,0,0,0,0,0,-1,-1,-1,-1,-1,-1,-1,-1,-1,-1,-1,-1,-1,-1,-1,-1,-1,-1,-1,-1,0,0.407638,0,26496,-1,-1,1,2,2,591,0,2,0,0,0,
1,0,0,1,0,0,0,0,0,0,0,0,0,0,0,0,0,1,15,1,0,0,0,0,0,0,0,0,0,0,0,0,0,0,0,0,5,14,0,0,0,0,0,1,0,0,0,0,0,0,0,0,0,0,0,0,0,1,0,0,0,0,0,0,0,0,0,0,0,0,0,0,0,0,0,0,-1,-1,-1,-1,-1,-1,-1,-1,-1,-1,-1,-1,-1,-1,-1,-1,-1,-1,-1,-1,0,-1,0,24940,-1,-1,1,5,1,271,0,-1,0,0,0,
2,4,1,2,0,4,0,4,0,0,0,0,2,0,0,0,0,1,136,1,0,0,0,0,0,0,0,0,0,0,0,0,0,0,0,0,2,8,0,0,1,0,0,2,0,0,0,0,0,0,0,0,0,0,0,0,0,16,1,0,0,0,0,0,0,0,0,0,0,0,0,0,0,0,0,8,0,4,1,0,0,4,0,4,0,0,0,0,2,0,0,0,0,112,0,3,0,4.224756,0,53824,-1,-1,1,2,2,3590,1,1,0,0,0,
1,4,0,3,0,0,0,0,0,0,0,0,0,0,0,0,0,1,62,1,0,0,0,0,0,0,0,0,0,0,0,0,0,0,0,0,4,10,0,0,0,4,0,3,0,0,0,0,0,0,0,0,0,0,0,0,0,52,0,0,0,0,0,0,0,0,0,0,0,0,0,0,0,0,0,10,-1,-1,-1,-1,-1,-1,-1,-1,-1,-1,-1,-1,-1,-1,-1,-1,-1,-1,-1,-1,0,0.355619,1,16509,-1,-1,3,6,1,19,1,2,0,0,0,
1,0,0,1,0,0,0,0,0,0,0,0,0,0,0,0,0,1,14,1,0,0,0,0,0,0,0,0,0,0,0,0,0,0,0,0,3,13,0,0,0,0,0,1,0,0,0,0,0,0,0,0,0,0,0,0,0,1,0,0,0,0,0,0,0,0,0,0,0,0,0,0,0,0,0,0,-1,-1,-1,-1,-1,-1,-1,-1,-1,-1,-1,-1,-1,-1,-1,-1,-1,-1,-1,-1,0,1.546498,1,26347,-1,-1,1,3,2,894,0,1,0,0,0,
